Tumor_Sample_Barcode	Hugo_Symbol	c_dot	p_dot	Chromosome	Start_Position	End_Position	Reference_Allele	Tumor_Seq_Allele2	Variant_Type
CP20002911	EGFR	c.T2573G	p.L858R	chr7	55259515	55259515	T	G	SNV
CP20002911	TP53	c.823dup	p.C275Lfs*31	chr17	7577114	7577114	-	A	SNV
CP20003287	CYP2D6	c.C100T	p.P34S	chr22	42526694	42526694	G	A	Germline
CP20003287	CYP2C19	c.G681A	p.P227P	chr10	96541616	96541616	G	A	Germline
CP20003287	TPMT	c.A719G	p.Y240C	chr6	18130918	18130918	T	C	Germline
CP20003287	UGT1A1	c.G211A	p.G71R	chr2	234669144	234669144	G	A	Germline
CP20003415	EGFR	c.T2573G	p.L858R	chr7	55259515	55259515	T	G	SNV
CP20003415	TP53	c.C827G	p.A276G	chr17	7577111	7577111	G	C	SNV
CP20003479	TP53	c.887dup	p.H296Qfs*10	chr17	7577050	7577050	-	T	SNV
CP20003479	FGF19	c.T460C	p.Y154H	chr11	69514221	69514221	A	G	SNV
CP20003479	SMARCA4	c.G4201A	p.E1401K	chr19	11152013	11152013	G	A	SNV
CP50002965	EGFR	c.2239_2248delinsC	p.L747_A750delinsP	chr7	55242466	55242474	GAATTAAGA	-	SNV
CP50002965	CYP2D6	c.C100T	p.P34S	chr22	42526694	42526694	G	A	Germline
CP50002965	CYP2C19	c.G681A	p.P227P	chr10	96541616	96541616	G	A	Germline
CP50002965	UGT1A1	c.G211A	p.G71R	chr2	234669144	234669144	G	A	Germline
CP10004077	TP53	c.C722T	p.S241F	chr17	7577559	7577559	G	A	SNV
CP50005353	UGT1A1	c.G211A	p.G71R	chr2	234669144	234669144	G	A	Germline
CP50005353	EML4-ALK								fusion
CP50005300	EGFR	c.T2582A	p.L861Q	chr7	55259524	55259524	T	A	SNV
CP50005300	SPEN	c.C4970G	p.T1657S	chr1	16257705	16257705	C	G	SNV
CP50005300	FAT1	c.C13276A	p.P4426T	chr4	187510237	187510237	G	T	SNV
CP50005300	ATM	c.C1834T	p.L612F	chr11	108123575	108123575	C	T	SNV
CP50005300	CYP2C19	c.G681A	p.P227P	chr10	96541616	96541616	G	A	Germline
CP50005300	UGT1A1	c.G211A	p.G71R	chr2	234669144	234669144	G	A	Germline
CP50005154	NF1	c.1554_1555del	p.Q519Rfs*38	chr17	29546048	29546049	CC	-	SNV
CP50005154	TP53	c.T695A	p.I232N	chr17	7577586	7577586	A	T	SNV
CP50006566	PIK3CA	c.G1633A	p.E545K	chr3	178936091	178936091	G	A	SNV
CP50006566	CTNNB1	c.C134T	p.S45F	chr3	41266137	41266137	C	T	SNV
CP50006566	TP53	c.G853A	p.E285K	chr17	7577085	7577085	C	T	SNV
CP50006566	CHD2	c.66_93del	p.H22Qfs*63	chr15	93467551	93467578	TCACTCAGCCTCTGAAGAAGCTTCGGGT	-	SNV
CP50006566	SMARCA4	c.G2149A	p.E717K	chr19	11121082	11121082	G	A	SNV
CP50006566	EP300	c.G4540A	p.E1514K	chr22	41568590	41568590	G	A	SNV
CP50006566	RAD50	c.C91T	p.L31F	chr5	131893107	131893107	C	T	SNV
CP50006566	BLM	c.C3839T	p.S1280L	chr15	91352454	91352454	C	T	SNV
CP50006566	PIK3C2B	c.C416T	p.S139F	chr1	204438515	204438515	G	A	SNV
CP50006566	DDR2	c.A467C	p.E156A	chr1	162724995	162724995	A	C	SNV
CP50006566	TMPRSS2	c.G100A	p.D34N	chr21	42870072	42870072	C	T	SNV
CP50006566	LRP1B	c.C11746G	p.H3916D	chr2	141108512	141108512	G	C	SNV
CP50006566	AXL	c.G125A	p.G42E	chr19	41726580	41726580	G	A	SNV
CP50006566	NSD1	c.C694T	p.Q232*	chr5	176562798	176562798	C	T	SNV
CP50006566	LRP1B	c.C9675A	p.D3225E	chr2	141215171	141215171	G	T	SNV
CP50006566	RBM10	c.G1120A	p.G374S	chrX	47039668	47039668	G	A	SNV
CP50006566	ATR	c.G6187A	p.D2063N	chr3	142204016	142204016	C	T	SNV
CP50006566	AURKA	c.A613G	p.R205G	chr20	54956581	54956581	T	C	SNV
CP50006566	FAM135B	c.C853G	p.Q285E	chr8	139207521	139207521	G	C	SNV
CP50006566	PIK3C2B	c.C4684T	p.R1562W	chr1	204394773	204394773	G	A	SNV
CP50006566	FBXW7	c.C1522T	p.Q508*	chr4	153247280	153247280	G	A	SNV
CP50006566	RBM10	c.C983T	p.S328F	chrX	47039360	47039360	C	T	SNV
CP50006566	ZNF217	c.C1781T	p.P594L	chr20	52193522	52193522	G	A	SNV
CP50006566	FANCF	c.C178T	p.R60W	chr11	22647179	22647179	G	A	SNV
CP50006566	MST1R	c.G562C	p.V188L	chr3	49940481	49940481	C	G	SNV
CP50006566	CREBBP	c.1698_1710del	p.N567Lfs*18	chr16	3830846	3830858	GTTACCAGAGTTG	-	SNV
CP50006566	SMARCA4	c.T3752C	p.L1251P	chr19	11144171	11144171	T	C	SNV
CP50006566	WEE1	c.C166T	p.Q56*	chr11	9595646	9595646	C	T	SNV
CP50006566	CDK12	c.T247C	p.F83L	chr17	37618571	37618571	T	C	SNV
CP50006566	PPP2R1A	c.C26T	p.S9L	chr19	52693375	52693375	C	T	SNV
CP50006566	PBRM1	c.T3144G	p.I1048M	chr3	52620609	52620609	A	C	SNV
CP50006566	GATA3		gain						CNV
CP50006566	BIRC5		gain						CNV
CP50006566	RPTOR		gain						CNV
CP50006566	ZNF750		gain						CNV
CP50006566	ATRX		loss						CNV
CP50006566	PDGFRA		loss						CNV
CP50006566	KIT		loss						CNV
CP50006566	KDR		loss						CNV
CP50006566	EPHA5		loss						CNV
CP50006566	PKD2		loss						CNV
CP50006566	ADAM29		loss						CNV
CP50006566	BRIP1		loss						CNV
CP50006558	TP53	c.C991T	p.Q331*	chr17	7576855	7576855	G	A	SNV
CP50006558	PIK3CA	c.T1031G	p.V344G	chr3	178921549	178921549	T	G	SNV
CP50006558	PIK3CG	c.G559A	p.E187K	chr7	106508565	106508565	G	A	SNV
CP50006558	BRCA2	c.A956G	p.N319S	chr13	32906571	32906571	A	G	SNV
CP50006558	CBL	c.A2716C	p.T906P	chr11	119170486	119170486	A	C	SNV
CP50006558	CDKN2A	c.196dup	p.H66Pfs*54	chr9	21971161	21971161	-	G	SNV
CP50006558	GRM3	c.G152T	p.G51V	chr7	86394613	86394613	G	T	SNV
CP50006558	HCK	c.C552A	p.N184K	chr20	30671779	30671779	C	A	SNV
CP50006558	ZNF750	c.T119G	p.L40R	chr17	80790212	80790212	A	C	SNV
CP50006558	BLK	c.C1210A	p.P404T	chr8	11420517	11420517	C	A	SNV
CP50006558	BCL6	c.C1282T	p.P428S	chr3	187446911	187446911	G	A	SNV
CP50006558	RBM10	c.C1577T	p.S526L	chrX	47041149	47041149	C	T	SNV
CP50006558	UGT1A1	c.G211A	p.G71R	chr2	234669144	234669144	G	A	Germline
CP50006558	EPHA2		gain						CNV
CP50006558	NOTCH1		gain						CNV
CP50006558	AXIN1		gain						CNV
CP50006558	RPTOR		gain						CNV
CP50006558	EPHA5		loss						CNV
CP50006188	TP53	c.T658C	p.Y220H	chr17	7578191	7578191	A	G	SNV
CP50006188	TP53	c.A659G	p.Y220C	chr17	7578190	7578190	T	C	SNV
CP50006188	JAK3	c.T1775A	p.M592K	chr19	17947949	17947949	A	T	SNV
CP50006188	CBL	c.C2372G	p.S791*	chr11	119169188	119169188	C	G	SNV
CP50006188	BRCA1	c.C1413T	p.L471L	chr17	41246135	41246135	G	A	SNV
CP50006188	BRCA1	c.C1808G	p.S603*	chr17	41245740	41245740	G	C	SNV
CP50006188	FAT1	c.A8306G	p.E2769G	chr4	187539434	187539434	T	C	SNV
CP50006188	SLIT2	c.G1532A	p.R511H	chr4	20530641	20530641	G	A	SNV
CP50006188	CYP2C19	c.G681A	p.P227P	chr10	96541616	96541616	G	A	Germline
CP60003891	EGFR	c.T2573G	p.L858R	chr7	55259515	55259515	T	G	SNV
CP60003891	TP53	c.425del	p.P142Lfs*28	chr17	7578505	7578505	G	-	SNV
CP60003891	NOTCH2	c.G1994A	p.R665H	chr1	120502047	120502047	C	T	SNV
CP60003891	CYP2C19	c.G681A	p.P227P	chr10	96541616	96541616	G	A	Germline
CP60003891	ERBB3		gain						CNV
CP50007221	KRAS	c.G37T	p.G13C	chr12	25398282	25398282	C	A	SNV
CP50007221	TP53	c.G475C	p.A159P	chr17	7578455	7578455	C	G	SNV
CP50007221	STK11	c.597+1G>T	N/A	chr19	1220505	1220505	G	T	SNV
CP50007221	CDKN2A	c.G358T	p.E120*	chr9	21971000	21971000	C	A	SNV
CP50007221	TERT	c.-146C>T	N/A	chr5	1295250	1295250	G	A	SNV
CP50007221	CYP2C19	c.G681A	p.P227P	chr10	96541616	96541616	G	A	Germline
CP50007221	MCL1		gain						CNV
CP50007221	MYC		gain						CNV
CP60006691	KRAS	c.G35T	p.G12V	chr12	25398284	25398284	C	A	SNV
CP60006691	APC	c.G1658A	p.W553*	chr5	112164584	112164584	G	A	SNV
CP60006691	JUN	c.649_652dup	p.Q218Rfs*93	chr1	59248090	59248090	-	GCAC	SNV
CP60006691	FAT1	c.T4644G	p.I1548M	chr4	187549474	187549474	A	C	SNV
CP60006691	EP300	c.C2185A	p.Q729K	chr22	41543894	41543894	C	A	SNV
CP60006691	XXYLT1-TNK2								fusion
CP60000303	EGFR	c.2235_2249del	p.E746_A750del	chr7	55242465	55242479	GGAATTAAGAGAAGC	-	SNV
CP60000303	TP53	c.589G>T	p.V197L	chr17	7578260	7578260	C	A	SNV
CP60007791	EGFR	c.G3289A	p.V1097I	chr7	55272966	55272966	G	A	SNV
CP60007791	VHL	c.G614A	p.R205H	chr3	10191621	10191621	G	A	SNV
CP60007791	SMARCA2	c.C716A	p.P239Q	chr9	2039826	2039826	C	A	SNV
CP60007791	NOTCH1	c.4060_4069del	p.S1354Afs*88	chr9	139400279	139400288	AGCGCAGGCT	-	SNV
CP60007791	ZNF703	c.C341T	p.A114V	chr8	37554760	37554760	C	T	SNV
CP60007791	ZNF703	c.G1534A	p.A512T	chr8	37555953	37555953	G	A	SNV
CP60007791	FGFR1	c.G787A	p.A263T	chr8	38282176	38282176	C	T	SNV
CP60007791	FGFR1	c.G280A	p.A94T	chr8	38287278	38287278	C	T	SNV
CP60007791	KMT2A	c.G533A	p.R178K	chr11	118342407	118342407	G	A	SNV
CP60007791	TP53	c.C722T	p.S241F	chr17	7577559	7577559	G	A	SNV
CP60007791	NF1	c.G374C	p.R125P	chr17	29490289	29490289	G	C	SNV
CP60007791	ZNF217	c.G2497A	p.A833T	chr20	52192806	52192806	C	T	SNV
CP60007791	SMARCA4	c.G3592T	p.E1198*	chr19	11144011	11144011	G	T	SNV
CP60007791	NOTCH3	c.T4613C	p.I1538T	chr19	15285002	15285002	A	G	SNV
CP60007791	SOX2		gain						CNV
CP60007791	ZNF703		gain						CNV
CP60007791	FGFR1		gain						CNV
CP60000335	ALK	c.G872A	p.R291H	chr2	29917796	29917796	C	T	SNV
CP60000335	MSH6	c.A1937G	p.K646R	chr2	48027059	48027059	A	G	SNV
CP60000335	RBM10	c.G357T	p.E119D	chrX	47030582	47030582	G	T	SNV
CP60000335	UGT1A1	c.G211A	p.G71R	chr2	234669144	234669144	G	A	SNV
CP60004857	TP53	c.154C>T	p.Q52*	chr17	7579533	7579533	G	A	SNV
CP60004857	PLA2G1B	c.269C>T	p.P90L	chr12	120762790	120762790	G	A	SNV
CP60004857	TIE1	c.919G>T	p.A307S	chr1	43773472	43773472	G	T	SNV
CP60004857	PPP2R1A	c.1661+2T>G	N/A	chr19	52725496	52725496	T	G	SNV
CP60004857	FOXP1	c.1019A>G	p.Q340R	chr3	71050166	71050166	T	C	SNV
CP60004857	ATR	c.7334C>G	p.P2445R	chr3	142178084	142178084	G	C	SNV
CP60004857	CYP2C19	c.681G>A	p.P227P	chr10	96541616	96541616	G	A	Germline
CP60004857	UGT1A1	c.211G>A	p.G71R	chr2	234669144	234669144	G	A	Germline
CP60004857	PRKCI		gain						CNV
CP60004857	PIK3CA		gain						CNV
CP60004857	SOX2		gain						CNV
CP60004857	KLHL6		gain						CNV
CP60004857	EGFR		gain						CNV
CP60004857	CCND1		gain						CNV
CP60004857	FGF19		gain						CNV
CP60004857	FGF4		gain						CNV
CP60004857	FGF3		gain						CNV
CP60016856	FAT1	c.6265G>A	p.V2089I	chr4	187541475	187541475	C	T	SNV
CP60016856	MTOR	c.2056C>T	p.H686Y	chr1	11298052	11298052	G	A	SNV
CP60016856	CDKN2A	c.343G>T	p.V115L	chr9	21971015	21971015	C	A	SNV
CP60016856	AR	c.203A>T	p.Q68L	chrX	66765191	66765191	A	T	SNV
CP60016856	TP53	c.584T>C	p.I195T	chr17	7578265	7578265	A	G	SNV
CP60016856	KEAP1	c.1384G>T	p.G462W	chr19	10600471	10600471	C	A	SNV
CP60016856	ZNF217		gain						CNV
CP60016856	ZNF217-								fusion
CP60019910	NOTCH2	c.3260G>A	p.C1087Y	chr1	120480557	120480557	C	T	SNV
CP60019910	ERBB4	c.2506G>T	p.E836*	chr2	212295807	212295807	C	A	SNV
CP60019910	RB1	c.1215+1G>A		chr13	48947629	48947629	G	A	SNV
CP60019910	FUBP1	c.1055del	p.G352Vfs*39	chr1	78429387	78429387	C	-	SNV
CP60019910	AXIN1	c.1499C>T	p.A500V	chr16	348007	348007	G	A	SNV
CP60019910	KEAP1	c.821A>T	p.H274L	chr19	10602757	10602757	T	A	SNV
CP60019910	TP53	c.976G>T	p.E326*	chr17	7576870	7576870	C	A	SNV
CP60019910	BRIP1	c.1442G>A	p.G481D	chr17	59870989	59870989	C	T	Germline
CP60019910	UGT1A1	c.211G>A	p.G71R	chr2	234669144	234669144	G	A	Germline
CP60019910	CYP2C19	c.681G>A	p.P227P	chr10	96541616	96541616	G	A	Germline
CP60019910	PRKCI		gain						CNV
CP60019910	CCNE1		gain						CNV
CP60019910	CEBPA		gain						CNV
CP60019910	LRP1B-								fusion
CP60010884	RICTOR	c.1478A>G	p.H493R	chr5	38963066	38963066	T	C	SNV
CP60010884	TP53	c.811G>A	p.E271K	chr17	7577127	7577127	C	T	SNV
CP60010884	KMT2D	c.15951T>A	p.Y5317*	chr12	49418462	49418462	A	T	SNV
CP60010884	PTCH1	c.1756_1775del	p.A586Sfs*34	chr9	98232167	98232186	AAAATGAGCAGAACCATGGC	-	SNV
CP60010884	IRS2	c.3639G>C	p.L1213F	chr13	110434762	110434762	C	G	SNV
CP60010884	BCL2L1	c.440G>T	p.G147V	chr20	30309582	30309582	C	A	SNV
CP60010884	ARID1B	c.327_339delinsA	p.L110_F113del	chr6	157099390	157099402	GCTAAACCAGTTC	A	SNV
CP60010884	FAM135B	c.1667_1672del	p.V556_S558delinsA	chr8	139165046	139165051	ATTTTA	-	SNV
CP60010884	LRP1	c.2655G>C	p.E885D	chr12	57559712	57559712	G	C	SNV
CP60010884	CHD4	c.414_417delinsT	p.E138_E139delinsD	chr12	6711147	6711150	CTCC	A	SNV
CP60010884	KDM5C	c.2582A>C	p.N861T	chrX	53226993	53226993	T	G	SNV
CP60010884	CHD4	c.2764G>A	p.E922K	chr12	6701872	6701872	C	T	SNV
CP60010884	KMT2D	c.11713C>T	p.Q3905*	chr12	49426775	49426775	G	A	SNV
CP60010884	FLT4	c.1666G>A	p.D556N	chr5	180048896	180048896	C	T	SNV
CP60010884	RB1	c.1689G>C	p.W563C	chr13	48955573	48955573	G	C	SNV
CP60010884	NOTCH2	c.3840C>G	p.D1280E	chr1	120471651	120471651	G	C	SNV
CP60010884	PIK3R2	c.1694C>A	p.P565Q	chr19	18278074	18278074	C	A	SNV
CP60010884	ARID1B	c.369_392dup	p.Q124_Q131dup	chr6	157099402	157099402	-	CAGCAGCAGCAGCAGCAGCAGCAA	SNV
CP60010884	IRF4	c.31G>C	p.E11Q	chr6	393183	393183	G	C	SNV
CP60010884	NF1	c.8222C>T	p.T2741M	chr17	29687566	29687566	C	T	Germline
CP60010884	UGT1A1	c.211G>A	p.G71R	chr2	234669144	234669144	G	A	Germline
CP60010884	CYP2C19	c.681G>A	p.P227P	chr10	96541616	96541616	G	A	Germline
CP60010884	MCL1		gain						CNV
CP60010884	CRBN		gain						CNV
CP60010884	FANCD2		gain						CNV
CP60010884	BCL6		gain						CNV
CP60010884	GATA3		gain						CNV
CP60010884	NFKBIA		gain						CNV
CP60010884	ERBB4		loss						CNV
CP60010884	FAT1		loss						CNV
CP60010884	EPHA7		loss						CNV
CP60010884	RET		loss						CNV
CP60010884	KMT2D-								fusion
CP60010884	KMT2A-UBE4A								fusion
CP60008375	SOX2	c.266C>T	p.P89L	chr3	181430414	181430414	C	T	SNV
CP60008375	TYK2	c.805C>T	p.R269C	chr19	10476399	10476399	G	A	SNV
CP60008375	FBXW7	c.661C>T	p.Q221*	chr4	153268147	153268147	G	A	SNV
CP60008375	HSP90AA1	c.1457A>G	p.Y486C	chr14	102550792	102550792	T	C	SNV
CP60008375	BRCA1	c.2347A>G	p.I783V	chr17	41245201	41245201	T	C	Germline
CP60008375	BARD1	c.1518_1519inv	p.V507M	chr2	215632255	215632256	CA	TG	Germline
CP60015992	EGFR	c.2573T>G	p.L858R	chr7	55259515	55259515	T	G	SNV
CP60015992	NOTCH2	c.316T>C	p.S106P	chr1	120548051	120548051	A	G	SNV
CP60015992	TP53	c.376-1G>T	N/A	chr17	7578555	7578555	C	A	SNV
CP60015992	BRCA1	c.3718C>T	p.Q1240*	chr17	41243830	41243830	G	A	SNV
CP60015992	DPYD	c.1896T>C	p.F632F	chr1	97915624	97915624	A	G	SNV
CP60015992	UGT1A1	c.211G>A	p.G71R	chr2	234669144	234669144	G	A	SNV
CP60015992	DDR2		gain						CNV
CP60015992	NTRK1		gain						CNV
CP60015992	RET		gain						CNV
CP60015992	CCNE1		gain						CNV
CP60015992	AKT2		gain						CNV
CP60015992	PDGFRB		gain						CNV
CP60015992	EGFR		gain						CNV
CP60015992	CDK6		gain						CNV
CP60015992	GLI3		gain						CNV
CP60015992	CD274		gain						CNV
CP60015992	PDCD1LG2		gain						CNV
CP60020439	ARID1A	c.6326A>G	p.N2109S	chr1	27106715	27106715	A	G	SNV
CP60020439	SPTA1	c.3109G>A	p.D1037N	chr1	158623143	158623143	C	T	SNV
CP60020439	BRCA2	c.1952A>G	p.D651G	chr13	32910444	32910444	A	G	SNV
CP60020439	TP53	c.528C>G	p.C176W	chr17	7578402	7578402	G	C	SNV
CP60020439	ERBB2	c.929C>A	p.S310Y	chr17	37868208	37868208	C	A	SNV
CP60020439	CREBBP	c.6092C>T	p.P2031L	chr16	3778956	3778956	G	A	SNV
CP60020439	MAP2K2	c.238G>A	p.A80T	chr19	4117482	4117482	C	T	SNV
CP60020439	ERBB2		gain						CNV
CP70000024	DPYD	c.1896T>C	p.F632F	chr1	97915624	97915624	A	G	Germline
CP70000024	CYP2C19	c.681G>A	p.P227P	chr10	96541616	96541616	G	A	Germline
CP70000024	UGT1A1	c.211G>A	p.G71R	chr2	234669144	234669144	G	A	Germline
CP70000024	ARID1A	c.2804A>G	p.N935S	chr1	27092783	27092783	A	G	Germline
CP70000024	ATM	c.125A>G	p.H42R	chr11	108098555	108098555	A	G	Germline
CP70000024	MSH6	c.2265A>C	p.E755D	chr2	48027387	48027387	A	C	Germline
CP70000024	RAD50	c.1870A>G	p.S624G	chr5	131930637	131930637	A	G	Germline
CP70000024	BARD1	c.1518_1519delinsCA	p.V507M	chr2	215632255	215632256	CA	TG	Germline
CP70000015	CYP2C19	c.681G>A	p.P227P	chr10	96541616	96541616	G	A	SNV
CP70000015	CCND1	c.497C>T	p.S166F	chr11	69458682	69458682	C	T	SNV
CP70000015	PALB2	c.1492G>T	p.D498Y	chr16	23646375	23646375	C	A	SNV
CP70000015	DNMT3A	c.1969G>T	p.V657L	chr2	25464544	25464544	C	A	SNV
CP70000015	MAP3K1	c.3071A>G	p.K1024R	chr5	56178098	56178098	A	G	SNV
CP70000015	MAP3K1	c.2845_2847del	p.T949del	chr5	56177849	56177851	CAA	-	SNV
CP70000019	TP53	c.818G>A	p.R273H	chr17	7577120	7577120	C	T	SNV
CP70000019	ARID1A	c.5944G>A	p.V1982I	chr1	27106333	27106333	G	A	Germline
CP70000019	RET	c.1799G>A	p.R600Q	chr10	43609043	43609043	G	A	Germline
CP70000019	EGFR		gain						CNV
CP70006822	BRCA2	c.8918G>A	p.R2973H	chr13	32953617	32953617	G	A	SNV
CP70006822	CHD4	c.417_419del	p.E139del	chr12	6711145	6711147	TCC	-	SNV
CP70006822	CHD4	c.3193G>A	p.G1065S	chr12	6700889	6700889	C	T	SNV
CP70006822	FGF19	c.460T>C	p.Y154H	chr11	69514221	69514221	A	G	SNV
CP70006822	GNAS	c.1082C>T	p.P361L	chr20	57485781	57485781	C	T	SNV
CP70006822	HGF	c.1226G>T	p.G409V	chr7	81350106	81350106	C	A	SNV
CP70006822	KDM6A	c.302A>G	p.H101R	chrX	44820605	44820605	A	G	SNV
CP70006822	RB1	c.2330del	p.P777Lfs*33	chr13	49039341	49039341	C	-	SNV
CP70006822	SYK	c.1789G>T	p.A597S	chr9	93657832	93657832	G	T	SNV
CP70006822	TP53	c.743G>A	p.R248Q	chr17	7577538	7577538	C	T	SNV
CP70006822	CTNNB1	c.1466A>G	p.Y489C	chr3	41275300	41275300	A	G	Germline
CP70006822	SUFU	c.1015C>T	p.R339W	chr10	104359294	104359294	C	T	Germline
CP70006822	TSC1	c.3124_3129dup	p.S1042_S1043dup	chr9	135771987	135771987	-	GCTGCT	Germline
CP70006822	UGT1A1	c.211G>A	p.G71R	chr2	234669144	234669144	G	A	Germline
CP70006822	RAD50		loss						CNV
CP70004893	BARD1	c.1518_1519delinsCA	p.V507M	chr2	215632255	215632256	CA	TG	Germline
CP70004893	CYP2C19	c.681G>A	p.P227P	chr10	96541616	96541616	G	A	Germline
CP70004893	DPYD	c.1896T>C	p.F632F	chr1	97915624	97915624	A	G	Germline
CP70004893	EGFR	c.2257C>T	p.P753S	chr7	55242487	55242487	C	T	Germline
CP70004893	FANCA	c.2248G>A	p.V750M	chr16	89836642	89836642	C	T	Germline
CP70004893	FANCG	c.373_375dup	p.V125dup	chr9	35078272	35078272	-	GAC	Germline
CP70007442	ALK	c.122G>A	p.R41Q	chr2	30143404	30143404	C	T	SNV
CP70007442	KDR	c.2365G>A	p.V789I	chr4	55964872	55964872	C	T	SNV
CP70007442	KRAS	c.34G>T	p.G12C	chr12	25398285	25398285	C	A	SNV
CP70007442	PIK3CA	c.1633G>A	p.E545K	chr3	178936091	178936091	G	A	SNV
CP70007442	SPTA1	c.1409G>A	p.R470H	chr1	158641928	158641928	C	T	SNV
CP70007442	TP53	c.818G>A	p.R273H	chr17	7577120	7577120	C	T	SNV
CP70007442	DPYD	c.1896T>C	p.F632F	chr1	97915624	97915624	A	G	Germline
CP70005988	AR	c.1415_1416insTGG	p.G473dup	chrX	66766401	66766401	-	GGT	SNV
CP70005988	BRCA2	c.2025_2026del	p.C676Ffs*2	chr13	32910517	32910518	AT	-	SNV
CP70005988	CHEK2	c.1210T>C	p.Y404H	chr22	29091747	29091747	A	G	SNV
CP70005988	CREBBP	c.6609_6644dup	p.Q2205_Q2216dup	chr16	3778403	3778403	-	TGCTGCTGCTGTTGCTGCTGTTGTTGCTGCTGCTGT	SNV
CP70005988	CREBBP	c.6612_6623dup	p.Q2213_Q2216dup	chr16	3778424	3778424	-	TGTTGCTGCTGC	SNV
CP70005988	CYP2C19	c.681G>A	p.P227P	chr10	96541616	96541616	G	A	SNV
CP70005988	DPYD	c.1627A>G	p.I543V	chr1	97981395	97981395	T	C	SNV
CP70005988	TP53	c.839G>C	p.R280T	chr17	7577099	7577099	C	G	SNV
CP70006036	ACVR1B	c.1142A>C	p.N381T	chr12	52379015	52379015	A	C	SNV
CP70006036	APC	c.4666dup	p.T1556Nfs*3	chr5	112175951	112175951	-	A	SNV
CP70006036	APC	c.2311G>T	p.E771*	chr5	112173602	112173602	G	T	SNV
CP70006036	ATM	c.9023G>A	p.R3008H	chr11	108236087	108236087	G	A	SNV
CP70006036	BRCA1	c.2086A>C	p.T696P	chr17	41245462	41245462	T	G	SNV
CP70006036	ERBB4	c.3658_3666dup	p.E1220_L1222dup	chr2	212248600	212248600	-	CAGGTACTC	SNV
CP70006036	KRAS	c.34G>T	p.G12C	chr12	25398285	25398285	C	A	SNV
CP70006036	KRAS	c.38G>A	p.G13D	chr12	25398281	25398281	C	T	SNV
CP70006036	MST1R	c.3635G>A	p.R1212Q	chr3	49928639	49928639	C	T	SNV
CP70006036	MST1R	c.3014C>G	p.A1005G	chr3	49932930	49932930	G	C	SNV
CP70006036	PTEN	c.1004G>A	p.R335Q	chr10	89720853	89720853	G	A	SNV
CP70006036	ATM	c.8010+2T>A	N/A	chr11	108204697	108204697	T	A	SNV
CP70006036	BRAF	c.64G>A	p.D22N	chr7	140624440	140624440	C	T	Germline
CP70006036	BRCA2	c.9690A>T	p.L3230F	chr13	32972340	32972340	A	T	Germline
CP70006036	CYP2C19	c.681G>A	p.P227P	chr10	96541616	96541616	G	A	Germline
CP70006036	UGT1A1	c.211G>A	p.G71R	chr2	234669144	234669144	G	A	Germline
CP70006036	MDM2		gain						CNV
CP70006036	FRS2		gain						CNV
CP70007281	CYP2C19	c.681G>A	p.P227P	chr10	96541616	96541616	G	A	Germline
CP70007281	FANCA	c.911G>C	p.G304A	chr16	89862409	89862409	C	G	Germline
CP70007281	LRP1B	c.9977C>G	p.T3326S	chr2	141208217	141208217	G	C	Germline
CP70007281	MTOR	c.4286C>T	p.A1429V	chr1	11227542	11227542	G	A	Germline
CP70007281	UGT1A1	c.211G>A	p.G71R	chr2	234669144	234669144	G	A	Germline
CP70010718	CDKN2A	c.61G>C	p.A21P	chr9	21974766	21974766	C	G	SNV
CP70010718	DPYD	c.1627A>G	p.I543V	chr1	97981395	97981395	T	C	SNV
CP70010718	DPYD	c.1896T>C	p.F632F	chr1	97915624	97915624	A	G	SNV
CP70010718	TP53	c.826G>C	p.A276P	chr17	7577112	7577112	C	G	SNV
CP70010718	TP53	c.379T>A	p.S127T	chr17	7578551	7578551	A	T	SNV
CP70010700	RB1	c.607+1G>A	N/A	chr13	48923160	48923160	G	A	SNV
CP70010700	ATM	c.283C>A	p.Q95K	chr11	108100002	108100002	C	A	Germline
CP70010700	BARD1	c.1518_1519delinsCA	p.V507M	chr2	215632255	215632256	CA	TG	Germline
CP70010700	CYP2C19	c.681G>A	p.P227P	chr10	96541616	96541616	G	A	Germline
CP70010700	DPYD	c.1627A>G	p.I543V	chr1	97981395	97981395	T	C	Germline
CP70010700	FGFR3	c.1675G>A	p.A559T	chr4	1807506	1807506	G	A	Germline
CP70010725	AR	c.2659A>G	p.M887V	chrX	66943579	66943579	A	G	SNV
CP70010725	DPYD	c.1627A>G	p.I543V	chr1	97981395	97981395	T	C	SNV
CP70010725	ERBB4	c.3545C>A	p.A1182E	chr2	212248722	212248722	G	T	SNV
CP70010725	FAT1	c.2042A>C	p.K681T	chr4	187628940	187628940	T	G	SNV
CP70010725	GNAQ	c.494A>G	p.D165G	chr9	80412547	80412547	T	C	SNV
CP70010725	LRP1B	c.13718G>A	p.R4573Q	chr2	140990837	140990837	C	T	SNV
CP70010725	MLH1	c.2025C>A	p.S675R	chr3	37090430	37090430	C	A	SNV
CP70010725	PDCD1LG2	c.311T>A	p.I104N	chr9	5535000	5535000	T	A	SNV
CP70010725	PDGFRA	c.638A>T	p.E213V	chr4	55131095	55131095	A	T	SNV
CP70010725	SPTA1	c.4014G>A	p.M1338I	chr1	158615158	158615158	C	T	SNV
CP70010725	TP53	c.179_204dup	p.A69Qfs*63	chr17	7579482	7579482	-	CTCTGGCATTCTGGGAGCTTCATCTG	SNV
CP70010725	PTEN	c.635-1G>A	N/A	chr10	89717609	89717609	G	A	SNV
CP70010725	RB1	c.137+1G>T	N/A	chr13	48878186	48878186	G	T	SNV
CP70010725	DDR2		gain						CNV
CP70010725	NTRK1		gain						CNV
CP70010725	RIT1		gain						CNV
CP70010725	MAP2K1		gain						CNV
CP70010725	NTRK3		gain						CNV
CP70010725	MYC		gain						CNV
CP60021730	NFKBIA	c.157del	p.R53Afs*37	chr14	35873694	35873694	G	-	SNV
CP60021730	ATM	c.543T>A	p.D181E	chr11	108114726	108114726	T	A	Germline
CP60021730	BARD1	c.1518_1519delinsCA	p.V507M	chr2	215632255	215632256	CA	TG	Germline
CP60021730	CYP2C19	c.681G>A	p.P227P	chr10	96541616	96541616	G	A	Germline
CP60021730	DPYD	c.1627A>G	p.I543V	chr1	97981395	97981395	T	C	Germline
CP60021730	DPYD	c.1896T>C	p.F632F	chr1	97915624	97915624	A	G	Germline
CP60021730	RET	c.1906A>T	p.T636S	chr10	43609954	43609954	A	T	Germline
CP60021730	CDKN2A		loss						CNV
CP60021730	CDKN2B		loss						CNV
CP70010702	MAP3K1	c.2845_2847del	p.T949del	chr5	56177849	56177851	CAA	-	SNV
CP70010702	PDCD1LG2	c.286G>A	p.D96N	chr9	5534975	5534975	G	A	SNV
CP70010702	TP53	c.745A>T	p.R249W	chr17	7577536	7577536	T	A	SNV
CP70010702	CCND1		gain						CNV
CP70010702	FGF19		gain						CNV
CP70010702	KRAS		gain						CNV
CP70010732	ADGRA2	c.1084C>A	p.R362S	chr8	37689092	37689092	C	A	SNV
CP70010732	ADGRA2	c.3614G>T	p.R1205L	chr8	37699470	37699470	G	T	SNV
CP70010732	EPHA5	c.572G>T	p.R191L	chr4	66467697	66467697	C	A	SNV
CP70010732	EPHA7	c.2384G>T	p.G795V	chr6	93964513	93964513	C	A	SNV
CP70010732	FANCD2	c.2251G>T	p.E751*	chr3	10107160	10107160	G	T	SNV
CP70010732	FGFR4	c.1121C>T	p.A374V	chr5	176520202	176520202	C	T	SNV
CP70010732	FGR	c.859A>G	p.K287E	chr1	27942104	27942104	T	C	SNV
CP70010732	FOXL2	c.1022C>A	p.P341Q	chr3	138664543	138664543	G	T	SNV
CP70010732	GLI3	c.4321G>T	p.G1441C	chr7	42004350	42004350	C	A	SNV
CP70010732	HGF	c.708T>G	p.D236E	chr7	81374354	81374354	A	C	SNV
CP70010732	IL7R	c.730A>G	p.T244A	chr5	35874574	35874574	A	G	SNV
CP70010732	LRP1B	c.10096A>T	p.T3366S	chr2	141202210	141202210	T	A	SNV
CP70010732	LRP1B	c.1556C>G	p.P519R	chr2	141806788	141806788	G	C	SNV
CP70010732	LRP1B	c.2298G>C	p.L766F	chr2	141771207	141771207	C	G	SNV
CP70010732	NEK11	c.1428del	p.E477Sfs*21	chr3	130947399	130947399	A	-	SNV
CP70010732	PARK2	c.343G>T	p.D115Y	chr6	162683626	162683626	C	A	SNV
CP70010732	PIK3C2B	c.2059G>T	p.D687Y	chr1	204423804	204423804	C	A	SNV
CP70010732	PIK3CG	c.2450G>T	p.C817F	chr7	106520022	106520022	G	T	SNV
CP70010732	SPTA1	c.6024G>T	p.E2008D	chr1	158592869	158592869	C	A	SNV
CP70010732	TBX3	c.926G>T	p.G309V	chr12	115115400	115115400	C	A	SNV
CP70010732	TP53	c.736A>T	p.M246L	chr17	7577545	7577545	T	A	SNV
CP70010732	RB1	c.1215+1G>T	N/A	chr13	48947629	48947629	G	T	SNV
CP70010732	NF1	c.3975-2A>T	N/A	chr17	29576000	29576000	A	T	SNV
CP70010732	TERT	c.-124C>T	N/A	chr5	1295228	1295228	G	A	SNV
CP70010732	CBL	c.1413G>T	p.K471N	chr11	119149405	119149405	G	T	SNV
CP70010732	CBL	c.1414G>T	p.E472*	chr11	119149406	119149406	G	T	SNV
CP70010732	DPYD	c.1627A>G	p.I543V	chr1	97981395	97981395	T	C	Germline
CP70010732	DPYD	c.1896T>C	p.F632F	chr1	97915624	97915624	A	G	Germline
CP70010732	STK24		gain						CNV
CP70010732	IRS2		gain						CNV
CP70010732	TP53		loss						CNV
CP70010732	MAP2K4		loss						CNV
CP70013088	CYP2C19	c.681G>A	p.P227P	chr10	96541616	96541616	G	A	SNV
CP70013088	FGFR1	c.2425C>T	p.R809*	chr8	38271190	38271190	G	A	SNV
CP70013088	MAP3K1	c.2845_2847del	p.T949del	chr5	56177849	56177851	CAA	-	SNV
CP70013088	MSH6	c.2384T>C	p.I795T	chr2	48027506	48027506	T	C	SNV
CP70013088	POLD1	c.695G>A	p.R232H	chr19	50905567	50905567	G	A	SNV
CP70013088	TP53	c.818G>A	p.R273H	chr17	7577120	7577120	C	T	SNV
CP70013088	TSC2	c.5326del	p.A1776Pfs*50	chr16	2138513	2138513	G	-	SNV
CP70010737	DPYD	c.1896T>C	p.F632F	chr1	97915624	97915624	A	G	SNV
CP70010737	DPYD	c.1627A>G	p.I543V	chr1	97981395	97981395	T	C	SNV
CP70010737	APC	c.1699G>T	p.G567*	chr5	112164625	112164625	G	T	SNV
CP70010737	CBL	c.1413_1414delinsTT	p.K471_T906delinsN	chr11	119149405	119149406	GG	TT	SNV
CP70010737	CDKN2A	c.61G>C	p.A21P	chr9	21974766	21974766	C	G	SNV
CP70010737	CHEK2	c.1115C>T	p.S372F	chr22	29091842	29091842	G	A	SNV
CP70010737	ERRFI1	c.490C>G	p.L164V	chr1	8074169	8074169	G	C	SNV
CP70010737	GLI3	c.4321G>T	p.G1441C	chr7	42004350	42004350	C	A	SNV
CP70010737	LRP1B	c.10096A>T	p.T3366S	chr2	141202210	141202210	T	A	SNV
CP70010737	LRP1B	c.1556C>G	p.P519R	chr2	141806788	141806788	G	C	SNV
CP70010737	LRP1B	c.2298G>C	p.L766F	chr2	141771207	141771207	C	G	SNV
CP70010737	MDM4	c.680del	p.G227Vfs*15	chr1	204513668	204513668	G	-	SNV
CP70010737	NOTCH1	c.1333A>C	p.T445P	chr9	139412312	139412312	T	G	SNV
CP70010737	NOTCH2	c.3779G>A	p.R1260H	chr1	120471712	120471712	C	T	SNV
CP70010737	PREX2	c.1064C>G	p.A355G	chr8	68965452	68965452	C	G	SNV
CP70010737	SPTA1	c.6024G>T	p.E2008D	chr1	158592869	158592869	C	A	SNV
CP70010737	TP53	c.826G>C	p.A276P	chr17	7577112	7577112	C	G	SNV
CP70010737	TP53	c.736A>T	p.M246L	chr17	7577545	7577545	T	A	SNV
CP70010737	RB1	c.1215+1G>T	N/A	chr13	48947629	48947629	G	T	SNV
CP70010737	NF1	c.3975-2A>T	N/A	chr17	29576000	29576000	A	T	SNV
CP70010737	DNMT3A	c.1554+1G>A	N/A	chr2	25468121	25468121	C	T	SNV
CP70010737	DDR2		gain						CNV
CP70010737	NTRK1		gain						CNV
CP70010737	RIT1		gain						CNV
CP70010737	IRS2		gain						CNV
CP70010737	CCNE1		gain						CNV
CP70010737	AKT2		gain						CNV
CP70010737	JAK3		gain						CNV
CP70010737	NOTCH3		gain						CNV
CP70010737	RAF1		gain						CNV
CP70010737	MYC		gain						CNV
CP70010737	PREX2		gain						CNV
CP70010737	FAM135B		gain						CNV
CP70010737	PTK2		gain						CNV
CP70010737	CD274		gain						CNV
CP70010737	PDCD1LG2		gain						CNV
CP70010701	CYP2C19	c.681G>A	p.P227P	chr10	96541616	96541616	G	A	SNV
CP70010701	ATM	c.125A>G	p.H42R	chr11	108098555	108098555	A	G	SNV
CP70010701	EGFR	c.2573T>G	p.L858R	chr7	55259515	55259515	T	G	SNV
CP70010701	TP53	c.515T>G	p.V172G	chr17	7578415	7578415	A	C	SNV
CP70010701	DDR2		gain						CNV
CP70010701	NTRK1		gain						CNV
CP70010701	RIT1		gain						CNV
CP70010701	CCNE1		gain						CNV
CP70010701	AKT2		gain						CNV
CP70010701	ZNF217		gain						CNV
CP70010701	SOX2		gain						CNV
CP70010701	FLT4		gain						CNV
CP70010701	MYC		gain						CNV
CP70010701	ZNF703		gain						CNV
CP70010701	FAM135B		gain						CNV
CP70010701	PTK2		gain						CNV
CP70013111	CYP2C19	c.681G>A	p.P227P	chr10	96541616	96541616	G	A	SNV
CP70013111	UGT1A1	c.211G>A	p.G71R	chr2	234669144	234669144	G	A	SNV
CP70013111	BRCA2	c.6325G>A	p.V2109I	chr13	32914817	32914817	G	A	SNV
CP70013111	BRCA2	c.9875C>T	p.P3292L	chr13	32972525	32972525	C	T	SNV
CP70013111	KMT2A	c.7070C>G	p.P2357R	chr11	118373677	118373677	C	G	SNV
CP70013111	SPTA1	c.575G>A	p.R192H	chr1	158650476	158650476	C	T	SNV
CP70013113	BCORL1	c.1247G>C	p.S416T	chrX	129147995	129147995	G	C	SNV
CP70013113	IDH1	c.394C>T	p.R132C	chr2	209113113	209113113	G	A	SNV
CP70013113	DPYD	c.1627A>G	p.I543V	chr1	97981395	97981395	T	C	Germline
CP70013113	ARID1A	c.5242G>C	p.G1748R	chr1	27105631	27105631	G	C	Germline
CP70013113	ROS1	c.5053A>C	p.I1685L	chr6	117662324	117662324	T	G	Germline
CP70013113	CCNF-TSC2								fusion
CP70013102	CYP2C19	c.681G>A	p.P227P	chr10	96541616	96541616	G	A	SNV
CP70013102	ATM	c.125A>G	p.H42R	chr11	108098555	108098555	A	G	SNV
CP70013102	DNMT3A	c.2446C>T	p.Q816*	chr2	25459837	25459837	G	A	SNV
CP70013102	EGFR	c.2573T>G	p.L858R	chr7	55259515	55259515	T	G	SNV
CP70013102	TP53	c.515T>G	p.V172G	chr17	7578415	7578415	A	C	SNV
CP70013102	DDR2		gain						CNV
CP70013102	NTRK1		gain						CNV
CP70013102	RIT1		gain						CNV
CP70013102	CCNE1		gain						CNV
CP70013102	AKT2		gain						CNV
CP70013102	FLT4		gain						CNV
CP70013102	ZNF703		gain						CNV
CP70013107	UGT1A1	c.211G>A	p.G71R	chr2	234669144	234669144	G	A	SNV
CP70013107	DNMT3A	c.2186G>A	p.R729Q	chr2	25463307	25463307	C	T	SNV
CP70013107	LRP1B	c.11511_11517delinsAAAAAA	p.M3837Ifs*23	chr2	141113924	141113930	GTTTTTC	TTTTTT	SNV
CP70013107	LRP1B	c.11978G>T	p.W3993L	chr2	141093322	141093322	C	A	SNV
CP70013107	MCL1	c.460A>G	p.T154A	chr1	150551547	150551547	T	C	SNV
CP70013107	PALB2	c.2058G>T	p.R686S	chr16	23641417	23641417	C	A	SNV
CP70013107	PTCH1	c.4252G>A	p.V1418I	chr9	98209286	98209286	C	T	SNV
CP70013106	APC	c.4666dup	p.T1556Nfs*3	chr5	112175951	112175951	-	A	SNV
CP70013106	KRAS	c.35G>A	p.G12D	chr12	25398284	25398284	C	T	SNV
CP70013106	MAP2K4	c.965_972del	p.K322Tfs*6	chr17	12032529	12032536	AAGGAGAT	-	SNV
CP70013106	PIK3CA	c.1633G>A	p.E545K	chr3	178936091	178936091	G	A	SNV
CP70013106	SMAD3	c.859C>T	p.R287W	chr15	67473779	67473779	C	T	SNV
CP70013106	SOX9	c.1497dup	p.Q500Tfs*78	chr17	70120493	70120493	-	A	SNV
CP70013106	TP53	c.916C>T	p.R306*	chr17	7577022	7577022	G	A	SNV
CP70013106	WEE1	c.1342_1343dup	p.D448Efs*15	chr11	9606855	9606855	-	GA	SNV
CP70013106	DPYD	c.1896T>C	p.F632F	chr1	97915624	97915624	A	G	Germline
CP70013106	DPYD	c.1627A>G	p.I543V	chr1	97981395	97981395	T	C	Germline
CP70013106	ALK	c.1111G>A	p.A371T	chr2	29754824	29754824	C	T	Germline
CP70013106	ZNF217		gain						CNV
CP70013106	AMER1		loss						CNV
CP70013116	GABRA6	c.251G>A	p.R84H	chr5	161115980	161115980	G	A	SNV
CP70013116	CYP2C19	c.681G>A	p.P227P	chr10	96541616	96541616	G	A	Germline
CP70013116	UGT1A1	c.211G>A	p.G71R	chr2	234669144	234669144	G	A	Germline
CP70013116	ARID1A	c.5311C>T	p.P1771S	chr1	27105700	27105700	C	T	Germline
CP70013116	BRCA1	c.1033G>T	p.D345Y	chr17	41246515	41246515	C	A	Germline
CP70013116	LRP1B	c.6493C>T	p.R2165W	chr2	141458125	141458125	G	A	Germline
CP70013116	ROS1	c.1405_1413del	p.Y469_N471del	chr6	117710859	117710867	ATTGAAGTA	-	Germline
CP70018780	DPYD	c.1896T>C	p.F632F	chr1	97915624	97915624	A	G	SNV
CP70018780	DPYD	c.1627A>G	p.I543V	chr1	97981395	97981395	T	C	SNV
CP70018780	UGT1A1	c.211G>A	p.G71R	chr2	234669144	234669144	G	A	SNV
CP70018780	ALK	c.1111G>A	p.A371T	chr2	29754824	29754824	C	T	SNV
CP70018780	FGFR1	c.1285G>A	p.V429M	chr8	38275891	38275891	C	T	SNV
CP70018780	NOTCH1	c.7357G>A	p.V2453M	chr9	139390834	139390834	C	T	SNV
CP70018780	TP53	c.1131del	p.S378Pfs*44	chr17	7572978	7572978	G	-	SNV
CP70018780	TP53	c.619del	p.D207Mfs*40	chr17	7578230	7578230	C	-	SNV
CP70018799	APC	c.2323delinsTATATT	p.N775Yfs*4	chr5	112173614	112173614	A	TATATT	SNV
CP70018799	APC	c.4285C>T	p.Q1429*	chr5	112175576	112175576	C	T	SNV
CP70018799	FBXW7	c.832C>T	p.R278*	chr4	153258983	153258983	G	A	SNV
CP70018799	KRAS	c.34G>T	p.G12C	chr12	25398285	25398285	C	A	SNV
CP70018799	PIK3CA	c.1624G>A	p.E542K	chr3	178936082	178936082	G	A	SNV
CP70018799	SNCAIP	c.2084A>G	p.K695R	chr5	121786626	121786626	A	G	SNV
CP70018799	TP53	c.818G>A	p.R273H	chr17	7577120	7577120	C	T	SNV
CP70018799	CYP2C19	c.681G>A	p.P227P	chr10	96541616	96541616	G	A	Germline
CP70018799	APC	c.1984C>A	p.L662I	chr5	112173275	112173275	C	A	Germline
CP70018799	DDR2	c.179A>T	p.Y60F	chr1	162722981	162722981	A	T	Germline
CP70018799	CDK8		gain						CNV
CP70018799	FLT3		gain						CNV
CP70018799	IRS2		gain						CNV
CP70014738	ADAM29	c.2399_2425del	p.T800_L808del	chr4	175899072	175899098	TGACACCCTCCCAGAGGCAACCTCAGT	-	SNV
CP70014738	LRP1	c.11003C>T	p.P3668L	chr12	57598244	57598244	C	T	SNV
CP70014738	PIK3CA	c.353G>A	p.G118D	chr3	178917478	178917478	G	A	SNV
CP70014738	PIK3CG	c.53G>A	p.R18Q	chr7	106508059	106508059	G	A	SNV
CP70014738	RICTOR	c.220G>A	p.E74K	chr5	39003700	39003700	C	T	SNV
CP70014738	SPOP	c.81C>G	p.I27M	chr17	47699427	47699427	G	C	SNV
CP70014738	TNK2	c.1495G>A	p.V499M	chr3	195597033	195597033	C	T	SNV
CP70014738	TP53	c.774A>T	p.E258D	chr17	7577507	7577507	T	A	SNV
CP70014738	CYP2C19	c.681G>A	p.P227P	chr10	96541616	96541616	G	A	Germline
CP70014738	ATR	c.190A>G	p.T64A	chr3	142285065	142285065	T	C	Germline
CP70014738	BAP1	c.1825A>G	p.S609G	chr3	52437219	52437219	T	C	Germline
CP70014738	BRIP1	c.2048T>G	p.V683G	chr17	59853811	59853811	A	C	Germline
CP70014738	ROS1	c.6116G>A	p.R2039H	chr6	117638325	117638325	C	T	Germline
CP70014738	TSC1	c.2485A>C	p.S829R	chr9	135776993	135776993	T	G	Germline
CP70014729	ARID1A	c.6193_6194insTTGTG	p.A2065Vfs*72	chr1	27106581	27106581	-	GTTGT	SNV
CP70014729	ARID1B	c.1379C>G	p.A460G	chr6	157100442	157100442	C	G	SNV
CP70014729	CREBBP	c.4897T>C	p.F1633L	chr16	3781468	3781468	A	G	SNV
CP70014729	KMT2D	c.12847C>T	p.P4283S	chr12	49425641	49425641	G	A	SNV
CP70014729	LRP1	c.6524G>A	p.R2175H	chr12	57579374	57579374	G	A	SNV
CP70014729	PTEN	c.939_940delinsAT	p.E314*	chr10	89720788	89720789	GG	AT	SNV
CP70014729	TP53	c.824G>T	p.C275F	chr17	7577114	7577114	C	A	SNV
CP70014729	RB1	c.1215+1G>T	N/A	chr13	48947629	48947629	G	T	SNV
CP70014729	CYP2C19	c.681G>A	p.P227P	chr10	96541616	96541616	G	A	Germline
CP70014729	BARD1	c.1518_1519delinsCA	p.V507M	chr2	215632255	215632256	CA	TG	Germline
CP70014729	BRCA2	c.6325G>A	p.V2109I	chr13	32914817	32914817	G	A	Germline
CP70014729	CHEK2	c.1561C>T	p.R521W	chr22	29083956	29083956	G	A	Germline
CP70014729	FANCC	c.733C>T	p.R245W	chr9	97897738	97897738	G	A	Germline
CP70014729	BRCA2	c.8331+1G>A	N/A	chr13	32937671	32937671	G	A	Germline
CP70018701	ALK	c.185C>G	p.S62W	chr2	30143341	30143341	G	C	SNV
CP70018701	APC	c.4180G>T	p.D1394Y	chr5	112175471	112175471	G	T	SNV
CP70018701	ARID1B	c.5425G>T	p.G1809C	chr6	157527739	157527739	G	T	SNV
CP70018701	CCNE1	c.1216G>T	p.G406W	chr19	30314667	30314667	G	T	SNV
CP70018701	CDKN2A	c.266G>T	p.G89V	chr9	21971092	21971092	C	A	SNV
CP70018701	CREBBP	c.4929C>G	p.I1643M	chr16	3781436	3781436	G	C	SNV
CP70018701	ESR1	c.795_797delinsTGAT	p.L265Ffs*9	chr6	152265342	152265344	GAA	TGAT	SNV
CP70018701	FGF19	c.614G>T	p.G205V	chr11	69514067	69514067	C	A	SNV
CP70018701	FGF3	c.695C>A	p.S232Y	chr11	69625098	69625098	G	T	SNV
CP70018701	KEAP1	c.1439G>T	p.G480V	chr19	10600416	10600416	C	A	SNV
CP70018701	KMT2D	c.3854_3855delinsGT	p.E1285G	chr12	49443516	49443517	CT	AC	SNV
CP70018701	LRP1B	c.11156G>A	p.R3719K	chr2	141116491	141116491	C	T	SNV
CP70018701	LRP1B	c.3628A>G	p.K1210E	chr2	141660627	141660627	T	C	SNV
CP70018701	LRP1B	c.458G>C	p.C153S	chr2	142012096	142012096	C	G	SNV
CP70018701	NF1	c.7243A>T	p.T2415S	chr17	29676191	29676191	A	T	SNV
CP70018701	NRG1	c.1447C>A	p.L483M	chr8	32621453	32621453	C	A	SNV
CP70018701	PALB2	c.1471G>T	p.A491S	chr16	23646396	23646396	C	A	SNV
CP70018701	PLCG2	c.1938G>T	p.W646C	chr16	81946205	81946205	G	T	SNV
CP70018701	PTCH1	c.4172G>A	p.R1391Q	chr9	98209366	98209366	C	T	SNV
CP70018701	RXRA	c.994G>C	p.V332L	chr9	137321037	137321037	G	C	SNV
CP70018701	SIK1	c.949G>T	p.V317L	chr21	44840137	44840137	C	A	SNV
CP70018701	SMARCA4	c.1761G>T	p.K587N	chr19	11107056	11107056	G	T	SNV
CP70018701	SPTA1	c.3646T>A	p.F1216I	chr1	158618367	158618367	A	T	SNV
CP70018701	SPTA1	c.6631C>A	p.R2211S	chr1	158585163	158585163	G	T	SNV
CP70018701	TAF1	c.2008G>T	p.D670Y	chrX	70603875	70603875	G	T	SNV
CP70018701	TGFBR1	c.1339G>C	p.E447Q	chr9	101910019	101910019	G	C	SNV
CP70018701	TP53	c.272G>A	p.W91*	chr17	7579415	7579415	C	T	SNV
CP70018701	TYK2	c.2975G>T	p.R992L	chr19	10464256	10464256	C	A	SNV
CP70018701	DPYD	c.1896T>C	p.F632F	chr1	97915624	97915624	A	G	Germline
CP70018701	DPYD	c.1627A>G	p.I543V	chr1	97981395	97981395	T	C	Germline
CP70018701	CYP2C19	c.681G>A	p.P227P	chr10	96541616	96541616	G	A	Germline
CP70018701	UGT1A1	c.211G>A	p.G71R	chr2	234669144	234669144	G	A	Germline
CP70018701	BRCA2	c.215A>G	p.N72S	chr13	32893361	32893361	A	G	Germline
CP70018701	NTRK1	c.659G>A	p.R220Q	chr1	156838381	156838381	G	A	Germline
CP70018701	TSC1	c.2285A>G	p.N762S	chr9	135778098	135778098	T	C	Germline
CP70018701	LRP1B								fusion
CP70007866	DPYD	c.1627A>G	p.I543V	chr1	97981395	97981395	T	C	SNV
CP70007866	CYP2C19	c.681G>A	p.P227P	chr10	96541616	96541616	G	A	SNV
CP70007866	ARID2	c.3815G>T	p.R1272L	chr12	46245721	46245721	G	T	SNV
CP70007866	ERBB4	c.3769G>C	p.D1257H	chr2	212248498	212248498	C	G	SNV
CP70007866	FAT1	c.11092G>A	p.V3698I	chr4	187524588	187524588	C	T	SNV
CP70007866	FGFR1	c.103G>A	p.G35R	chr8	38287455	38287455	C	T	SNV
CP70007866	LRP1B	c.8204A>T	p.K2735M	chr2	141272287	141272287	T	A	SNV
CP70007866	MSH2	c.2425G>A	p.E809K	chr2	47705625	47705625	G	A	SNV
CP70007866	NOTCH1	c.1582G>A	p.D528N	chr9	139410520	139410520	C	T	SNV
CP70007866	NOTCH1	c.7327G>A	p.V2443M	chr9	139390864	139390864	C	T	SNV
CP70007866	NOTCH2	c.5403G>T	p.R1801S	chr1	120462928	120462928	C	A	SNV
CP70007866	POLD1	c.2500A>T	p.R834W	chr19	50918183	50918183	A	T	SNV
CP70007866	SETD2	c.400A>G	p.K134E	chr3	47165726	47165726	T	C	SNV
CP70007866	TP53	c.643A>G	p.S215G	chr17	7578206	7578206	T	C	SNV
CP70007866	TP53	c.607G>T	p.V203L	chr17	7578242	7578242	C	A	SNV
CP70007866	TSC1	c.1679del	p.G560Afs*69	chr9	135781286	135781286	C	-	SNV
CP70007866	AXIN1	c.1956-1G>C	N/A	chr16	343719	343719	C	G	SNV
CP70007866	CCND1		gain						CNV
CP70007866	FGF19		gain						CNV
CP70010493	ARID2	c.65A>T	p.E22V	chr12	46123684	46123684	A	T	SNV
CP70010493	CUL3	c.700A>G	p.I234V	chr2	225376254	225376254	T	C	SNV
CP70010493	EPHA7	c.2758C>A	p.P920T	chr6	93955140	93955140	G	T	SNV
CP70010493	EPHB1	c.755G>A	p.R252Q	chr3	134670844	134670844	G	A	SNV
CP70010493	FBXW7	c.1570A>T	p.K524*	chr4	153247232	153247232	T	A	SNV
CP70010493	GRIN2A	c.3612C>A	p.S1204R	chr16	9857789	9857789	G	T	SNV
CP70010493	KMT2C	c.6887G>A	p.R2296H	chr7	151878058	151878058	C	T	SNV
CP70010493	KMT2C	c.14493C>A	p.N4831K	chr7	151836312	151836312	G	T	SNV
CP70010493	KMT2D	c.4199G>A	p.C1400Y	chr12	49441785	49441785	C	T	SNV
CP70010493	LRP1B	c.5114G>T	p.G1705V	chr2	141598487	141598487	C	A	SNV
CP70010493	LYN	c.1301A>T	p.Y434F	chr8	56912073	56912073	A	T	SNV
CP70010493	NOTCH1	c.2365C>T	p.Q789*	chr9	139407575	139407575	G	A	SNV
CP70010493	TP53	c.743G>A	p.R248Q	chr17	7577538	7577538	C	T	SNV
CP70010493	DPYD	c.1627A>G	p.I543V	chr1	97981395	97981395	T	C	Germline
CP70010493	CYP2C19	c.681G>A	p.P227P	chr10	96541616	96541616	G	A	Germline
CP70010493	UGT1A1	c.211G>A	p.G71R	chr2	234669144	234669144	G	A	Germline
CP70010493	ROS1	c.374C>G	p.S125C	chr6	117725507	117725507	G	C	Germline
CP70010493	PIK3CA		gain						CNV
CP70010493	KLHL6		gain						CNV
CP70010493	BCL6		gain						CNV
CP70010493	CCND2		gain						CNV
CP70010493	FGF23		gain						CNV
CP70010493	FGF6		gain						CNV
CP70010493	NOTCH3		gain						CNV
CP70010493	BRD4		gain						CNV
CP70010493	JAK3		gain						CNV
CP70010493	PIK3R2		gain						CNV
CP70010493	CRKL		gain						CNV
CP70010493	CHD4-ITFG2								fusion
CP70010478	LRP1B	c.1144A>G	p.K382E	chr2	141819712	141819712	T	C	SNV
CP70010478	NF2	c.904G>A	p.G302R	chr22	30064340	30064340	G	A	SNV
CP70010478	RUNX1T1	c.14C>A	p.P5H	chr8	93029555	93029555	G	T	SNV
CP70010478	TP53	c.637C>T	p.R213*	chr17	7578212	7578212	G	A	SNV
CP70010478	CYP2C19	c.681G>A	p.P227P	chr10	96541616	96541616	G	A	Germline
CP70010478	BRIP1	c.2830C>G	p.Q944E	chr17	59763272	59763272	G	C	Germline
CP70010478	MET	c.406G>A	p.V136I	chr7	116339544	116339544	G	A	Germline
CP70010478	CCND1		gain						CNV
CP70010478	FGF19		gain						CNV
CP70010478	FGF4		gain						CNV
CP70010478	FGF3		gain						CNV
CP70010478	ERCC1		gain						CNV
CP70010478	SLC9A9-TGFBR2								fusion
CP70014741	ATRX	c.4116_4119del	p.K1373*	chrX	76918872	76918875	CTTT	-	SNV
CP70014741	INPP4B	c.1495G>C	p.D499H	chr4	143081579	143081579	C	G	SNV
CP70014741	PIK3CD	c.898C>T	p.R300C	chr1	9777134	9777134	C	T	SNV
CP70014741	PTEN	c.542_566del	p.L181Hfs*10	chr10	89711924	89711948	TGTTAAAGAATCATCTGGATTATAG	-	SNV
CP70014741	TP53	c.1049T>C	p.L350P	chr17	7573978	7573978	A	G	SNV
CP70014741	DPYD	c.1627A>G	p.I543V	chr1	97981395	97981395	T	C	Germline
CP70014741	CYP2C19	c.681G>A	p.P227P	chr10	96541616	96541616	G	A	Germline
CP70014741	ARID1A	c.4724C>A	p.P1575Q	chr1	27101442	27101442	C	A	Germline
CP70014741	PTEN	c.527A>G	p.Y176C	chr10	89711909	89711909	A	G	Germline
CP70014741	CCND3		gain						CNV
CP70014741	VEGFA		gain						CNV
CP70014741	FYN		gain						CNV
CP70014741	GNAS		gain						CNV
CP70025187	CREBBP	c.4070T>A	p.V1357D	chr16	3790463	3790463	A	T	SNV
CP70025187	KDM5C	c.2740G>T	p.E914*	chrX	53226109	53226109	C	A	SNV
CP70025187	KRAS	c.34G>T	p.G12C	chr12	25398285	25398285	C	A	SNV
CP70025187	LRP1B	c.9925G>T	p.D3309Y	chr2	141214062	141214062	C	A	SNV
CP70025187	SIK1	c.1339_1366del	p.E447Rfs*34	chr21	44838997	44839024	CCTCTAGGCCCGGCCCCTGCCTGGCCTC	-	SNV
CP70025187	DPYD	c.1627A>G	p.I543V	chr1	97981395	97981395	T	C	Germline
CP70025187	CYP2C19	c.681G>A	p.P227P	chr10	96541616	96541616	G	A	Germline
CP70025187	UGT1A1	c.211G>A	p.G71R	chr2	234669144	234669144	G	A	Germline
CP70025187	ALK	c.3784C>T	p.P1262S	chr2	29432704	29432704	G	A	Germline
CP70025430	AMER1	c.85G>A	p.A29T	chrX	63413082	63413082	C	T	SNV
CP70025430	APC	c.8332G>T	p.A2778S	chr5	112179623	112179623	G	T	SNV
CP70025430	APC	c.646C>T	p.R216*	chr5	112128143	112128143	C	T	SNV
CP70025430	ARID1B	c.6601G>A	p.E2201K	chr6	157528915	157528915	G	A	SNV
CP70025430	CIC	c.2572C>T	p.P858S	chr19	42795492	42795492	C	T	SNV
CP70025430	EPHA7	c.1490C>G	p.S497C	chr6	93979338	93979338	G	C	SNV
CP70025430	FANCG	c.55A>G	p.K19E	chr9	35079467	35079467	T	C	SNV
CP70025430	GNA13	c.644dup	p.N215Kfs*8	chr17	63010864	63010864	-	T	SNV
CP70025430	KDM5A	c.3928C>G	p.Q1310E	chr12	416622	416622	G	C	SNV
CP70025430	KMT2A	c.9391G>A	p.G3131S	chr11	118375998	118375998	G	A	SNV
CP70025430	LIMK1	c.1265G>A	p.R422Q	chr7	73523347	73523347	G	A	SNV
CP70025430	PRSS8	c.931G>A	p.A311T	chr16	31143431	31143431	C	T	SNV
CP70025430	PTPN11	c.1508G>T	p.G503V	chr12	112926888	112926888	G	T	SNV
CP70025430	ROS1	c.5183G>A	p.R1728K	chr6	117658400	117658400	C	T	SNV
CP70025430	TP53	c.818G>A	p.R273H	chr17	7577120	7577120	C	T	SNV
CP70025430	LRP1B								fusion
CP70025200	DPYD	c.1896T>C	p.F632F	chr1	97915624	97915624	A	G	Germline
CP70025200	DPYD	c.1627A>G	p.I543V	chr1	97981395	97981395	T	C	Germline
CP70025200	CYP2C19	c.681G>A	p.P227P	chr10	96541616	96541616	G	A	Germline
CP70014721	ALK	c.2002G>A	p.E668K	chr2	29498004	29498004	C	T	SNV
CP70014721	AXIN1	c.2137C>G	p.R713G	chr16	343537	343537	G	C	SNV
CP70014721	CDK12	c.2585G>A	p.C862Y	chr17	37657668	37657668	G	A	SNV
CP70014721	GLI3	c.1786C>T	p.H596Y	chr7	42017183	42017183	G	A	SNV
CP70014721	HSD3B1	c.823G>T	p.E275*	chr1	120056969	120056969	G	T	SNV
CP70014721	ITK	c.841G>T	p.A281S	chr5	156665191	156665191	G	T	SNV
CP70014721	NOTCH1	c.7207C>T	p.Q2403*	chr9	139390984	139390984	G	A	SNV
CP70014721	SF3B1	c.1018G>T	p.E340*	chr2	198273192	198273192	C	A	SNV
CP70014721	SMARCA2	c.2512C>G	p.H838D	chr9	2084182	2084182	C	G	SNV
CP70014721	TGFBR2	c.182G>T	p.C61F	chr3	30686326	30686326	G	T	SNV
CP70014721	TP53	c.1001G>T	p.G334V	chr17	7574026	7574026	C	A	SNV
CP70014721	CYP2C19	c.681G>A	p.P227P	chr10	96541616	96541616	G	A	Germline
CP70014721	ALK	c.1111G>A	p.A371T	chr2	29754824	29754824	C	T	Germline
CP70014721	ALK	c.4573A>G	p.K1525E	chr2	29416380	29416380	T	C	Germline
CP70014721	ARID1A	c.4001_4003dup	p.Q1334dup	chr1	27100203	27100203	-	CAA	Germline
CP70014721	MLH1	c.1103C>T	p.S368L	chr3	37067192	37067192	C	T	Germline
CP70014730	KMT2A	c.7847A>G	p.K2616R	chr11	118374454	118374454	A	G	SNV
CP70014730	LRP1	c.10717C>T	p.R3573W	chr12	57596969	57596969	C	T	SNV
CP70014730	TP53	c.857A>G	p.E286G	chr17	7577081	7577081	T	C	SNV
CP70014730	KDR	c.2818-1del	N/A	chr4	55961123	55961123	C	-	SNV
CP70014730	ATM	c.6122T>C	p.M2041T	chr11	108186764	108186764	T	C	Germline
CP70014730	PTCH1	c.2692G>A	p.D898N	chr9	98224149	98224149	C	T	Germline
CP70014730	RET	c.2246G>C	p.R749T	chr10	43612141	43612141	G	C	Germline
CP70025185	CYP2C19	c.681G>A	p.P227P	chr10	96541616	96541616	G	A	SNV
CP70025185	POLD1	c.371T>C	p.V124A	chr19	50905089	50905089	T	C	SNV
CP70033569	DPYD	c.1627A>G	p.I543V	chr1	97981395	97981395	T	C	SNV
CP70033569	UGT1A1	c.211G>A	p.G71R	chr2	234669144	234669144	G	A	SNV
CP70033569	PMS2	c.1688_1689delinsAG	p.R563Q	chr7	6026707	6026708	TC	CT	SNV
CP70033569	ROS1	c.1013A>G	p.Y338C	chr6	117715476	117715476	T	C	SNV
